Sample,Observed,Shannon,BarcodeSeq,LinkerPrimer,ReversePrimer,Sample_received,Sample_Type,Group,Alcohol,HPB_pmol,HPB_pmol_mg_DNA,Description
IS013,174,3.195214422,NA,GTGCCAGCMGCCGCGGTAA,GGACTACHVGGGTWTCTAAT,1/1/18,NA,Controls,Monthly,6.05E-07,0.00788,IS013_S198
IS014,70,1.429801929,NA,GTGCCAGCMGCCGCGGTAA,GGACTACHVGGGTWTCTAAT,1/1/18,NA,Controls,2-4times/month,6.05E-07,0.0013,IS014_S205
IS015,118,2.487197107,NA,GTGCCAGCMGCCGCGGTAA,GGACTACHVGGGTWTCTAAT,1/1/18,NA,Controls,Never,0.000697,0.8,IS015_S212
IS016,97,3.036506319,NA,GTGCCAGCMGCCGCGGTAA,GGACTACHVGGGTWTCTAAT,1/1/18,NA,Controls,Never,0.000473,2.81,IS016_S219
IS017,180,4.331529133,NA,GTGCCAGCMGCCGCGGTAA,GGACTACHVGGGTWTCTAAT,1/1/18,NA,Controls,2-4times/month,4.00E-04,0.234,IS017_S225
IS018,115,2.323147116,NA,GTGCCAGCMGCCGCGGTAA,GGACTACHVGGGTWTCTAAT,1/1/18,NA,Controls,Never,0.000181,0.272,IS018_S231
IS019,108,2.482627537,NA,GTGCCAGCMGCCGCGGTAA,GGACTACHVGGGTWTCTAAT,1/1/18,NA,Controls,Monthly,9.29E-05,0.655,IS019_S237
IS020,58,3.353746539,NA,GTGCCAGCMGCCGCGGTAA,GGACTACHVGGGTWTCTAAT,1/1/18,NA,Controls,Never,0.000419,4.53,IS020_S243
IS021,144,3.771373033,NA,GTGCCAGCMGCCGCGGTAA,GGACTACHVGGGTWTCTAAT,1/1/18,NA,Controls,>4times/month ,6.05E-07,0.00123,IS021_S199
IS023,106,3.202170631,NA,GTGCCAGCMGCCGCGGTAA,GGACTACHVGGGTWTCTAAT,1/1/18,NA,Controls,>4times/month ,0.00027,0.561,IS023_S206
IS024,124,2.862859488,NA,GTGCCAGCMGCCGCGGTAA,GGACTACHVGGGTWTCTAAT,1/1/18,NA,Controls,>4times/month ,6.39E-05,0.0285,IS024_S213
IS025,118,3.281600434,NA,GTGCCAGCMGCCGCGGTAA,GGACTACHVGGGTWTCTAAT,1/1/18,NA,Controls,>4times/month ,0.000183,2.68,IS025_S220
IS026,123,2.953580161,NA,GTGCCAGCMGCCGCGGTAA,GGACTACHVGGGTWTCTAAT,1/1/18,NA,Controls,>4times/month ,4.04E-05,0.368,IS026_S226
IS028,106,2.737232247,NA,GTGCCAGCMGCCGCGGTAA,GGACTACHVGGGTWTCTAAT,1/1/18,NA,Controls,2-4times/month,0.000927,0.79,IS028_S232
IS029,171,3.459417695,NA,GTGCCAGCMGCCGCGGTAA,GGACTACHVGGGTWTCTAAT,1/1/18,NA,Controls,2-4times/month,6.05E-07,0.00115,IS029_S238
IS030,80,2.399996876,NA,GTGCCAGCMGCCGCGGTAA,GGACTACHVGGGTWTCTAAT,1/1/18,NA,Controls,Monthly,6.05E-07,0.00146,IS030_S244
IS033,55,1.356898068,NA,GTGCCAGCMGCCGCGGTAA,GGACTACHVGGGTWTCTAAT,1/1/18,NA,Controls,Never,0.000526,0.676,IS033_S200
IS035,142,2.964117813,NA,GTGCCAGCMGCCGCGGTAA,GGACTACHVGGGTWTCTAAT,1/1/18,NA,Controls,Never,6.05E-07,0.00383,IS035_S207
IS036,154,2.144948974,NA,GTGCCAGCMGCCGCGGTAA,GGACTACHVGGGTWTCTAAT,1/1/18,NA,Controls,Monthly,6.05E-07,0.000328,IS036_S214
IS039,189,3.625073716,NA,GTGCCAGCMGCCGCGGTAA,GGACTACHVGGGTWTCTAAT,1/1/18,NA,Controls,2-4times/month,0.000182,2.01,IS039_S221
IS043,133,3.124650705,NA,GTGCCAGCMGCCGCGGTAA,GGACTACHVGGGTWTCTAAT,1/1/18,NA,Controls,Never,6.05E-07,0.00072,IS043_S227
IS044,71,1.164551318,NA,GTGCCAGCMGCCGCGGTAA,GGACTACHVGGGTWTCTAAT,1/1/18,NA,Controls,Never,0.000292,1.61,IS044_S233
IS045,96,1.340229871,NA,GTGCCAGCMGCCGCGGTAA,GGACTACHVGGGTWTCTAAT,1/1/18,NA,Controls,>4times/month ,1.08E-05,0.108,IS045_S239
IS047,121,3.357686209,NA,GTGCCAGCMGCCGCGGTAA,GGACTACHVGGGTWTCTAAT,1/1/18,NA,Controls,>4times/month ,6.05E-07,0.000476,IS047_S245
IS180,60,3.622285689,NA,GTGCCAGCMGCCGCGGTAA,GGACTACHVGGGTWTCTAAT,1/1/18,NA,Cases,Never,0.000565,0.589,IS180_S201
IS181,75,2.646118416,NA,GTGCCAGCMGCCGCGGTAA,GGACTACHVGGGTWTCTAAT,1/1/18,NA,Cases,>4times/month ,0.000413,0.289,IS181_S208
IS182,123,2.080600372,NA,GTGCCAGCMGCCGCGGTAA,GGACTACHVGGGTWTCTAAT,1/1/18,NA,Cases,>4times/month ,0.000757,1.61,IS182_S215
IS183,171,2.562132558,NA,GTGCCAGCMGCCGCGGTAA,GGACTACHVGGGTWTCTAAT,1/1/18,NA,Cases,>4times/month ,0.000404,4.53,IS183_S222
IS185,89,1.667627142,NA,GTGCCAGCMGCCGCGGTAA,GGACTACHVGGGTWTCTAAT,1/1/18,NA,Cases,Never,0.000144,0.125,IS185_S228
IS186,58,1.635272786,NA,GTGCCAGCMGCCGCGGTAA,GGACTACHVGGGTWTCTAAT,1/1/18,NA,Cases,2-4times/month,8.93E-05,0.317,IS186_S234
IS187,59,2.962359185,NA,GTGCCAGCMGCCGCGGTAA,GGACTACHVGGGTWTCTAAT,1/1/18,NA,Cases,NA,9.44E-05,0.271,IS187_S240
IS188,71,2.422204356,NA,GTGCCAGCMGCCGCGGTAA,GGACTACHVGGGTWTCTAAT,1/1/18,NA,Cases,NA,0.000116,1.26,IS188_S246
IS189,102,2.225012757,NA,GTGCCAGCMGCCGCGGTAA,GGACTACHVGGGTWTCTAAT,1/1/18,NA,Cases,>4times/month ,0.000347,2.56,IS189_S202
IS190,119,3.176731228,NA,GTGCCAGCMGCCGCGGTAA,GGACTACHVGGGTWTCTAAT,1/1/18,NA,Cases,>4times/month ,0.000329,0.134,IS190_S209
IS191,53,1.149135057,NA,GTGCCAGCMGCCGCGGTAA,GGACTACHVGGGTWTCTAAT,1/1/18,NA,Cases,Never,0.00188,29.8,IS191_S216
IS192,112,2.993931397,NA,GTGCCAGCMGCCGCGGTAA,GGACTACHVGGGTWTCTAAT,1/1/18,NA,Cases,>4times/month ,0.00182,31.8,IS192_S223
IS193,97,3.221606944,NA,GTGCCAGCMGCCGCGGTAA,GGACTACHVGGGTWTCTAAT,1/1/18,NA,Cases,2-4times/month,0.000888,0.102,IS193_S229
IS195,133,3.160351242,NA,GTGCCAGCMGCCGCGGTAA,GGACTACHVGGGTWTCTAAT,1/1/18,NA,Cases,Monthly,0.00123,0.928,IS195_S235
IS196,71,1.47742854,NA,GTGCCAGCMGCCGCGGTAA,GGACTACHVGGGTWTCTAAT,1/1/18,NA,Cases,>4times/month ,0.000271,0.679,IS196_S241
IS197,65,1.196810526,NA,GTGCCAGCMGCCGCGGTAA,GGACTACHVGGGTWTCTAAT,1/1/18,NA,Cases,>4times/month ,0.00199,22.9,IS197_S247
IS199,57,0.643258765,NA,GTGCCAGCMGCCGCGGTAA,GGACTACHVGGGTWTCTAAT,1/1/18,NA,Cases,>4times/month ,0.000545,2.33,IS199_S203
IS200,38,0.534670316,NA,GTGCCAGCMGCCGCGGTAA,GGACTACHVGGGTWTCTAAT,1/1/18,NA,Cases,>4times/month ,0.000709,1.47,IS200_S210
IS201,56,2.037744485,NA,GTGCCAGCMGCCGCGGTAA,GGACTACHVGGGTWTCTAAT,1/1/18,NA,Cases,Never,6.05E-07,0.00311,IS201_S217
IS203,112,3.577920123,NA,GTGCCAGCMGCCGCGGTAA,GGACTACHVGGGTWTCTAAT,1/1/18,NA,Cases,>4times/month ,0.00158,11.3,IS203_S224
IS204,36,2.97451331,NA,GTGCCAGCMGCCGCGGTAA,GGACTACHVGGGTWTCTAAT,1/1/18,NA,Cases,Never,0.00584,17.9,IS204_S230
IS205,48,2.622371518,NA,GTGCCAGCMGCCGCGGTAA,GGACTACHVGGGTWTCTAAT,1/1/18,NA,Cases,Never,0.000724,2.01,IS205_S236
IS206,64,3.41749703,NA,GTGCCAGCMGCCGCGGTAA,GGACTACHVGGGTWTCTAAT,1/1/18,NA,Cases,Never,0.00382,5.12,IS206_S242
IS207,48,3.117506601,NA,GTGCCAGCMGCCGCGGTAA,GGACTACHVGGGTWTCTAAT,1/1/18,NA,Cases,Monthly,0.000198,0.805,IS207_S248
IS208,51,3.340988443,NA,GTGCCAGCMGCCGCGGTAA,GGACTACHVGGGTWTCTAAT,1/1/18,NA,Cases,2-4times/month,8.13E-05,1.55,IS208_S204
IS209,150,3.700866651,NA,GTGCCAGCMGCCGCGGTAA,GGACTACHVGGGTWTCTAAT,1/1/18,NA,Cases,>4times/month ,0.000204,0.628,IS209_S211
IS210,142,3.392793757,NA,GTGCCAGCMGCCGCGGTAA,GGACTACHVGGGTWTCTAAT,1/1/18,NA,Cases,>4times/month ,4.62E-05,0.0668,IS210_S218